89;12
94;7
48;14
72;5
70;12
63;20
72;13
5;18
85;7
83;9
45;19
40;5
41;9
87;6
49;12
15;5
66;5
82;18
86;10
47;2
42;15
30;13
37;2
13;1
87;1
86;12
29;12
20;15
22;5
5;8
56;17
82;8
65;10
63;18
91;12
6;15
57;15
99;13
63;19
73;3
50;20
94;9
79;9
67;15
48;10
58;7
32;17
21;11
35;11
40;13
60;6
3;19
10;1
92;20
4;19
24;5
60;10
19;14
22;8
12;11
36;1
10;3
29;9
41;17
49;12
49;13
72;9
38;8
86;17
61;19
88;14
10;2
4;16
27;19
37;8
33;4
27;17
90;6
57;7
75;18
78;8
9;13
79;17
4;18
27;13
78;4
61;18
10;16
60;11
38;9
84;18
52;7
38;5
71;14
68;10
51;9
11;17
68;18
13;7
33;3
96;2
11;18
33;18
84;16
99;17
62;6
73;2
79;4
25;8
88;3
11;9
21;4
33;3
81;16
75;7
13;3
81;3
86;14
80;18
50;6
84;15
23;1
45;4
51;6
8;7
88;15
21;14
64;1
70;13
35;15
90;7
78;17
12;12
72;8
43;10
3;20
70;5
84;2
93;2
45;17
54;18
43;1
79;7
53;18
48;16
18;10
23;15
63;3
43;14
7;17
52;3
16;16
66;9
71;10
7;9
67;17
96;17
82;10
65;3
44;3
89;5
93;7
8;8
7;11
49;10
5;18
92;9
74;4
70;18
13;12
70;6
64;11
98;16
32;20
11;1
98;6
56;9
42;20
41;17
84;14
49;14
29;15
33;1
60;8
33;4
14;9
47;6
97;6
79;1
8;3
19;8
27;12
94;11
68;16
74;2
55;18
33;18
3;20
18;11
44;18
24;14
24;20
65;2
35;1
44;19
61;4
95;19
76;1
89;11
34;8
84;12
53;7
34;10
21;20
33;1
98;18
2;3
57;2
100;13
93;2
18;13
68;7
17;3
23;14
20;16
49;20
62;13
96;12
5;16
32;3
51;16
18;3
62;3
45;18
50;4
66;17
79;11
22;6
27;11
41;6
51;18
57;13
1;17
23;9
18;11
51;2
43;8
10;3
4;19
69;14
58;7
31;12
25;15
22;4
31;4
74;12
89;17
5;1
44;18
86;14
40;11
22;7
15;9
54;19
23;18
26;13
92;20
48;19
6;1
90;9
27;16
75;10
17;5
83;6
26;14
17;9
42;9
17;15
5;2
63;16
7;8
23;20
98;11
80;9
34;1
8;3
79;5
82;13
44;16
56;3
19;2
70;19
57;6
100;1
77;3
3;15
44;6
10;19
95;11
59;17
66;4
55;5
51;20
10;5
53;16
28;14
68;10
34;9
27;17
39;18
44;10
88;20
37;5
84;13
36;1
10;5
71;12
69;9
84;12
82;10
21;6
98;7
79;3
79;18
10;2
74;2
32;9
56;4
50;15
94;6
88;4
94;5
55;13
50;14
19;6
79;20
67;4
47;20
42;3
83;8
50;4
22;11
63;14
12;11
56;7
68;10
64;7
86;12
51;18
89;2
76;13
83;13
4;4
71;1
28;10
20;12
2;18
77;5
65;16
90;5
84;3
5;15
36;19
80;8
72;15
65;17
7;19
95;6
38;15
6;16
82;11
97;1
34;12
85;2
82;9
49;11
52;9
76;2
40;18
20;1
8;3
78;8
36;5
46;14
27;17
80;8
46;3
62;19
28;15
30;2
11;9
47;8
12;17
78;20
16;9
77;17
87;7
79;8
54;8
98;15
45;1
44;11
33;12
13;16
29;8
52;2
56;17
93;3
88;17
36;8
28;9
85;20
39;6
32;11
51;19
38;14
43;17
9;13
68;11
34;6
11;10
36;10
32;20
44;3
76;3
9;5
80;2
82;14
70;1
70;2
63;7
54;14
2;10
36;4
77;20
17;15
60;11
89;7
78;3
64;13
37;18
20;8
48;14
74;2
58;6
50;7
81;1
46;5
63;2
86;7
67;20
62;11
20;7
60;17
19;17
10;2
24;18
57;8
34;3
90;5
28;8
23;9
63;2
18;3
98;9
53;13
86;13
97;1
12;5
83;3
30;19
8;13
46;4
23;10
72;4
82;17
12;9
54;12
56;8
15;14
99;9
69;8
31;8
18;15
19;8
56;13
48;20
35;15
30;11
25;13
82;14
51;6
49;6
57;4
55;10
67;5
9;3
33;19
43;14
73;18
14;1
79;12
59;5
92;1
15;13
63;13
46;19
38;20
37;19
38;6
3;17
100;4
58;6
13;5
11;5
84;1
89;11
14;10
76;18
19;14
22;17
14;18
91;5
20;3
51;10
31;9
14;4
73;9
24;11
32;10
79;12
68;9
13;2
97;4
37;6
78;16
41;9
36;11
79;14
14;9
27;12
27;13
60;1
68;19
50;10
9;15
73;13
28;14
13;14
53;18
8;19
15;14
72;19
4;8
62;5
50;8
82;4
93;2
37;20
5;6
79;12
13;9
99;9
51;7
26;12
75;2
78;7
68;9
59;8
47;4
68;12
79;3
37;10
33;15
64;9
77;12
60;17
99;1
32;8
56;11
16;18
99;16
24;9
77;19
87;3
5;10
65;1
35;3
27;14
100;10
58;17
69;2
87;14
72;5
31;12
7;15
43;11
86;20
37;20
70;14
53;3
70;8
2;2
31;15
38;12
81;6
14;16
54;6
13;4
85;20
16;13
86;3
93;4
93;14
99;4
98;4
75;9
99;20
10;20
75;20
57;8
8;10
67;7
22;13
97;9
51;13
41;2
74;7
71;18
90;7
93;11
33;11
21;7
63;2
85;3
31;17
66;2
87;5
77;20
72;1
53;16
70;12
3;4
27;19
47;7
9;15
14;8
63;8
31;5
92;13
51;20
68;1
72;18
90;2
54;6
54;10
67;9
63;5
13;9
1;7
68;20
74;18
72;8
78;14
72;16
4;4
77;2
94;1
36;19
94;19
61;4
28;19
46;8
93;9
80;17
88;16
3;19
31;9
79;18
88;7
52;1
85;17
41;15
17;1
16;1
40;16
24;2
92;10
99;11
43;11
17;7
59;1
58;17
77;12
74;4
93;15
22;1
77;10
2;6
92;1
46;5
51;9
14;2
4;2
49;13
17;8
56;3
100;11
26;11
78;11
55;11
59;17
25;16
82;8
75;17
10;19
9;2
42;11
95;2
83;14
93;3
50;17
94;8
23;9
77;2
87;13
62;8
49;15
1;5
88;19
49;19
26;10
98;18
48;3
32;18
21;13
42;13
91;15
100;17
100;18
22;9
61;3
19;6
17;5
79;18
66;14
7;2
28;14
74;1
98;17
20;13
92;18
33;8
92;12
98;8
27;17
94;10
17;11
4;3
19;19
9;20
91;5
47;20
57;13
36;18
33;14
6;3
27;10
5;6
56;14
17;4
25;16
65;19
65;8
99;5
47;5
11;18
1;14
96;3
9;7
28;17
31;11
91;9
40;2
24;5
64;3
58;11
98;11
55;14
42;2
88;19
66;8
55;20
30;9
40;20
23;5
48;17
89;9
46;14
18;8
18;8
32;10
66;7
27;9
9;20
31;4
51;11
94;16
54;13
17;8
48;1
98;4
60;10
37;8
98;9
73;20
30;7
95;10
16;20
27;5
91;18
3;10
100;3
98;9
82;18
11;18
1;7
46;20
30;5
83;3
82;4
3;16
7;12
59;19
93;20
50;16
46;3
74;4
54;11
51;2
100;9
39;14
6;20
66;20
12;5
90;10
96;15
33;7
37;4
43;16
46;8
94;12
21;16
50;19
97;5
69;13
61;18
31;1
63;16
96;8
32;14
35;17
40;4
83;5
74;14
65;18
64;8
56;11
47;3
24;18
49;3
6;18
55;4
27;20
15;11
18;11
78;11
26;20
97;20
19;18
47;19
53;9
14;3
24;3
52;18
65;8
88;4
43;6
72;18
25;9
25;16
19;9
42;19
70;13
68;1
81;7
68;5
20;15
38;10
69;11
21;16
29;17
96;18
78;3
67;2
89;5
85;11
72;20
26;11
50;13
92;8
78;16
70;2
57;6
25;15
1;16
75;11
44;1
12;16
20;20
69;2
43;9
23;18
98;3
1;10
42;13
55;11
99;18
89;1
47;2
55;20
46;1
56;11
78;7
95;10
44;1
91;1
53;6
98;18
76;4
68;13
13;15
64;16
14;7
28;17
88;2
76;15
58;4
58;6
56;12
62;4
57;11
42;6
19;5
61;8
61;10
22;9
76;15
55;17
73;4
41;18
53;11
16;12
100;9
95;13
42;5
52;2
16;5
83;17
61;14
83;17
69;8
81;9
99;13
16;14
98;3
64;19
54;3
14;12
15;15
10;3
39;4
82;9
17;10
16;20
20;6
36;17
46;15
21;6
94;18
65;12
29;10
67;7
73;1
5;15
14;20
52;19
94;11
76;13
96;5
31;6
97;9
76;2
53;9
6;11
78;12
45;1
46;5
8;3
90;14
90;20
91;8
71;3
60;6
61;12
94;20
48;14
82;6
25;4
77;6
80;17
71;3
63;12
90;8
15;19
92;17
65;16
16;6
3;14
36;16
92;17
72;1
76;18
46;16
71;6
20;15
94;2
3;13
30;2
66;12
2;19
47;5
16;16
45;8
8;4
32;10
82;10
49;14
39;19
9;19
66;2
88;14
20;12
65;13
2;17
16;10
63;18
36;16
31;7
73;3
45;8
7;15
78;6
37;7
95;4
11;16
57;19
48;4
26;4
25;8
100;8
66;14
27;18
10;4
76;20
28;18
88;17
99;15
13;14
17;13
55;7
64;15
95;1
24;7
92;1
62;15
42;8
98;7
59;8
96;8
86;18
20;4
7;2
54;16
13;2
33;13
11;11
28;6
57;9
66;16
2;11
46;17
77;6
90;2
27;20
88;14
67;5
93;20
45;2
58;11
26;10
100;20
78;2
3;10
9;4
2;6
84;8
26;20
92;4
8;17
81;12
30;8
2;8
54;9
21;5
67;19
4;2
62;18
45;3
1;18
1;10
12;10
52;5
17;13
37;1
82;1
14;2
85;20
85;16
97;7
6;11
56;15
28;13
20;6
46;12
52;1
97;13
83;9
8;18
59;7
7;15
3;5
40;4
80;9
70;2
12;5
86;15
74;5
78;7
43;9
100;13
74;12
19;16
36;3
16;2
32;5
81;8
61;11
86;13
84;5
82;3
30;6
96;3
61;17
51;11
46;3
25;9
8;13
99;9
42;20
83;16
73;7
64;18
82;5
40;17
99;7
81;9
10;11
90;2
45;20
38;20
12;9
96;10
14;1
73;12
96;4
63;16
23;20
43;20
7;18
94;7
21;9
87;10
83;10
87;17
63;8
45;3
35;11
41;15
16;18
64;10
88;14
33;2
60;15
69;17
63;6
81;20
13;8
40;12
31;11
61;12
78;14
1;4
65;8
17;17
62;5
40;10
23;3
58;16
7;8
88;8
12;1
99;3
36;10
29;2
23;16
53;5
19;9
3;7
94;9
21;13
37;12
13;4
34;4
23;15
14;19
68;10
68;17
49;8
88;12
5;18
73;2
16;18
68;15
89;6
30;2
42;16
27;19
97;4
59;8
33;5
11;9
68;7
72;20
93;16
60;8
10;19
13;16
30;1
10;10
17;14
22;14
75;20
13;9
79;2
49;6
56;3
18;3
51;13
100;3
13;7
63;8
92;11
4;8
49;18
82;15
55;4
48;2
84;17
20;1
4;20
61;5
48;20
80;6
68;15
98;7
32;8
77;17
69;10
2;2
12;2
4;3
60;13
87;18
60;4
8;8
15;18
14;1
53;9
35;14
58;20
80;1
94;9
79;3
8;9
71;15
42;15
65;18
45;17
6;15
60;9
45;12
64;2
20;12
7;13
12;17
93;10
6;1
21;11
74;13
95;3
91;10
5;2
72;15
40;14
1;6
71;16
9;11
75;4
63;14
92;18
62;15
96;6
21;12
37;19
63;4
33;19
92;7
51;6
50;2
24;6
92;19
55;10
37;20
19;11
1;2
89;17
99;13
91;12
36;11
59;14
82;16
83;3
40;12
63;16
65;18
83;15
96;9
92;19
73;5
24;4
37;15
22;9
84;16
63;6
95;19
18;15
77;8
61;2
74;4
97;9
42;9
65;4
25;5
84;4
56;3
59;11
53;13
95;15
82;6
32;8
16;9
89;7
51;9
27;14
96;9
56;2
67;2
20;10
62;20
71;5
28;14
2;11
6;5
97;1
8;9
12;11
46;11
57;9
92;9
29;19
64;1
19;20
48;15
9;13
47;12
41;11
70;9
82;5
10;17
98;15
2;7
29;5
42;8
58;20
58;13
13;5
13;19
53;13
28;15
94;7
53;11
79;13
55;1
74;6
53;7
81;14
28;4
77;2
2;20
50;12
86;2
48;8
81;9
80;12
62;11
6;20
26;9
29;6
54;8
90;3
11;16
70;1
38;2
61;15
38;4
2;19
62;7
79;5
32;8
89;13
21;17
30;3
55;14
2;5
20;10
39;20
55;20
41;9
4;9
84;11
70;19
18;13
4;12
54;5
78;16
36;1
74;19
5;2
74;1
57;9
83;6
35;7
39;12
24;5
76;9
45;7
60;11
36;17
70;6
95;7
74;16
18;5
66;8
60;20
52;11
66;5
99;2
73;6
87;17
60;5
3;12
79;7
95;14
92;8
47;8
11;5
64;4
2;5
68;20
17;15
96;11
43;9
73;20
100;15
34;19
72;11
51;12
33;19
61;14
39;3
25;9
37;6
48;1
55;20
82;4
38;17
82;12
79;13
77;10
90;12
77;6
19;1
70;13
66;18
56;7
56;6
51;5
12;19
10;20
90;12
2;18
53;17
70;9
9;3
3;3
44;13
80;13
53;3
74;8
30;16
98;11
87;8
6;9
95;6
81;12
30;18
17;11
84;19
94;5
6;6
45;10
66;10
12;14
49;10
94;14
49;7
9;15
82;17
76;14
19;19
7;20
47;10
26;13
98;20
51;13
68;1
48;4
75;4
12;16
30;6
24;20
14;19
52;16
64;10
16;3
90;14
29;5
36;4
59;4
22;19
46;18
96;14
9;6
73;9
30;8
21;4
82;7
18;14
3;7
73;15
50;8
95;15
2;2
63;19
16;20
23;2
96;3
76;19
53;3
16;18
91;4
9;16
74;15
52;3
61;8
61;2
49;17
54;15
80;17
82;20
26;1
14;6
57;3
8;18
89;8
74;20
19;8
50;18
89;5
66;17
60;17
6;13
79;18
69;20
15;7
26;18
69;18
8;6
15;1
24;4
18;16
63;14
85;16
11;11
36;14
4;11
9;1
86;4
100;5
45;10
88;19
53;13
41;4
73;20
35;7
45;10
18;4
76;17
12;7
3;8
19;16
90;4
1;16
52;18
54;17
38;18
58;1
81;18
67;18
61;10
81;4
59;14
8;20
53;10
98;15
56;1
14;20
13;8
11;4
80;20
43;14
69;12
13;2
99;15
22;18
8;14
84;8
24;8
91;5
55;13
44;2
43;14
34;4
26;18
60;9
17;2
19;1
88;2
81;5
14;15
8;5
67;13
98;16
28;11
49;13
30;1
96;4
14;6
30;8
19;15
16;17
3;10
79;16
79;5
20;1
86;13
91;13
54;7
71;5
48;13
24;20
42;3
64;14
99;3
71;18
6;9
39;17
65;15
68;4
6;11
98;12
76;13
87;16
11;5
70;1
48;7
46;16
58;4
46;4
82;12
12;10
87;13
24;6
49;3
60;1
90;13
100;8
3;7
38;1
50;5
75;6
56;10
31;12
51;10
3;14
20;18
80;2
67;2
48;8
3;3
39;8
55;14
11;19
54;6
21;7
90;3
79;14
46;5
33;6
4;20
90;9
12;6
5;6
51;8
89;7
93;17
45;7
78;20
79;14
9;1
79;4
31;20
57;14
20;12
41;3
10;9
14;5
80;12
67;11
8;16
33;7
29;5
12;9
24;16
56;13
22;15
21;19
73;11
73;13
73;7
78;12
71;19
69;6
98;7
39;17
53;4
32;17
8;18
4;19
91;10
71;8
49;1
59;13
39;5
51;11
94;11
96;8
3;6
66;4
64;17
58;12
69;1
15;19
53;12
22;4
15;2
77;9
29;17
50;12
52;5
7;17
80;6
40;14
94;20
46;3
52;20
73;12
25;20
61;20
79;7
82;8
22;17
6;3
1;16
54;18
30;17
76;9
85;20
29;1
67;19
8;13
23;4
12;9
65;19
94;6
56;11
61;9
71;7
45;2
59;10
70;4
27;7
98;5
9;14
28;19
92;1
68;1
4;1
96;12
99;7
68;13
26;5
33;6
69;18
65;13
81;10
26;3
13;16
80;5
18;3
9;4
1;8
56;20
44;8
34;2
80;16
51;6
73;11
17;11
19;19
97;11
21;12
74;1
97;11
67;8
60;8
34;17
23;20
68;20
53;17
2;6
11;2
41;5
56;8
73;5
20;6
4;9
82;10
33;9
4;11
91;11
49;2
94;12
47;6
67;18
77;11
43;8
61;8
89;11
40;20
87;12
61;9
58;19
90;1
61;4
44;11
79;14
4;1
84;9
31;8
33;4
10;14
39;12
14;8
15;20
87;1
63;9
73;16
87;3
45;6
5;6
52;15
98;13
97;12
39;3
38;9
22;18
90;6
28;8
59;5
88;13
84;17
57;6
43;15
28;1
86;6
25;4
49;16
76;11
97;19
11;16
14;15
28;7
37;4
100;1
91;4
80;13
28;7
77;13
14;16
64;9
12;7
63;17
60;18
94;13
32;3
69;13
15;6
27;10
6;11
80;19
27;14
90;13
33;5
80;9
44;16
69;16
82;13
4;4
27;12
32;3
60;17
47;18
64;7
15;2
10;1
97;9
4;7
14;3
29;13
65;3
65;16
27;16
50;11
57;17
17;18
78;16
15;15
36;17
69;10
52;20
34;19
26;9
55;2
40;18
23;17
96;14
49;4
2;14
10;9
10;15
83;7
10;13
33;12
46;10
70;18
35;4
33;17
67;13
35;15
63;9
55;8
43;18
100;14
55;10
75;15
21;11
2;10
44;8
15;14
20;7
86;19
27;19
99;9
17;18
98;16
33;12
82;12
39;17
5;9
72;20
46;15
83;10
18;1
54;14
61;6
66;18
17;11
92;20
8;4
85;6
92;17
16;11
25;14
38;1
53;13
91;16
85;1
48;11
71;14
100;9
43;13
78;6
19;10
57;20
86;6
100;1
12;17
69;17
65;13
71;14
71;11
75;19
44;17
37;4
79;20
63;19
50;15
49;16
6;8
76;13
13;7
4;7
49;9
56;9
70;4
98;6
90;12
68;1
13;8
4;14
78;10
94;15
37;16
69;11
18;7
25;3
11;11
10;13
100;17
9;3
3;8
20;14
56;16
77;17
51;9
18;17
42;9
26;9
95;8
79;5
47;17
6;20
4;13
2;16
93;1
25;12
5;3
82;10
82;19
73;9
88;10
16;18
36;7
44;18
41;6
54;20
66;8
13;20
54;13
56;13
94;11
25;15
73;2
13;1
57;17
100;1
19;16
26;10
63;20
33;20
32;3
71;7
10;8
33;11
64;14
62;13
39;20
77;12
39;7
88;17
46;8
34;2
71;12
3;15
12;11
58;5
62;10
46;20
62;19
53;7
39;6
96;7
44;4
40;11
29;20
12;17
40;8
30;9
17;11
100;15
38;17
96;10
94;10
1;10
55;1
13;3
8;15
67;12
38;5
58;5
26;6
32;12
40;16
32;18
47;1
13;10
84;13
45;17
72;5
8;13
48;16
69;15
66;1
55;15
100;12
47;4
42;2
84;18
79;7
39;6
71;13
33;15
79;3
86;5
78;6
51;9
79;15
98;17
12;14
53;8
71;1
13;3
65;3
64;2
56;5
15;15
85;1
16;11
70;18
53;11
70;10
78;16
35;6
70;14
49;8
15;13
61;11
12;14
35;6
27;4
87;4
97;14
82;20
88;15
36;8
52;3
7;19
98;1
56;7
53;13
49;6
15;13
92;18
85;11
3;17
21;13
37;4
14;11
90;15
4;3
19;19
27;20
67;10
12;10
59;20
4;4
63;3
81;16
93;13
31;1
25;19
63;8
87;11
7;16
55;18
73;15
25;8
32;5
60;14
25;16
8;5
36;12
71;16
76;20
69;16
65;18
7;9
68;9
100;5
5;1
66;13
95;11
80;20
97;2
99;3
95;14
86;19
27;14
82;5
21;15
40;17
99;18
49;13
49;11
33;13
21;5
18;10
47;3
61;4
47;6
54;1
59;19
80;15
12;10
8;17
20;3
86;9
85;18
66;14
82;11
18;7
22;2
75;7
65;14
5;14
13;10
75;5
74;14
85;11
54;13
61;13
57;10
18;15
52;2
98;13
97;16
59;17
34;5
1;17
46;8
16;7
4;9
49;3
97;18
61;9
49;14
56;20
31;3
51;15
47;20
31;18
24;10
30;7
86;16
59;8
48;14
68;9
64;1
54;10
2;12
28;13
14;16
34;16
98;2
82;17
35;20
49;12
52;4
30;6
87;18
23;17
9;5
42;13
6;20
69;8
59;17
77;11
44;6
31;2
95;2
62;15
71;10
88;19
40;15
91;2
43;4
71;4
91;13
3;5
58;18
43;3
79;17
37;6
30;16
91;2
31;19
71;5
36;7
96;13
54;9
42;5
7;19
56;18
20;5
11;16
11;15
2;9
56;2
79;3
57;4
2;6
45;18
22;13
17;7
76;15
72;15
74;5
57;3
69;6
22;1
26;11
20;11
39;18
49;19
51;19
28;19
16;4
17;10
79;9
34;20
82;3
61;8
28;10
67;17
7;4
27;13
28;14
32;18
57;15
32;18
69;10
88;16
16;15
87;8
77;11
24;9
28;11
62;3
22;19
63;17
61;12
6;4
1;12
23;17
52;11
71;4
79;14
45;16
82;5
95;6
44;12
80;7
16;10
67;4
79;7
95;3
95;9
63;12
44;20
66;11
15;17
15;14
18;12
82;8
57;5
55;7
2;20
53;9
90;17
51;12
6;4
97;6
64;11
25;2
80;13
84;9
22;10
69;19
21;15
96;16
46;16
71;8
10;19
80;20
17;17
82;5
71;15
12;11
80;18
60;11
76;9
83;12
70;17
42;5
20;1
35;9
91;5
62;13
99;16
74;2
78;9
22;10
37;5
86;14
57;13
20;15
68;6
90;2
14;9
38;17
41;15
86;12
11;13
55;12
26;15
12;19
71;14
10;11
23;17
24;12
78;13
77;11
99;4
74;13
61;17
35;11
75;5
60;3
12;8
18;17
69;12
94;9
78;15
17;12
56;5
35;4
63;3
97;4
20;11
23;6
49;20
39;5
26;17
17;3
83;6
91;12
12;7
85;3
37;10
55;6
97;18
78;4
12;14
95;16
34;18
3;20
88;7
7;14
60;19
47;11
74;4
89;3
51;1
23;2
18;20
32;15
18;20
5;15
11;19
40;1
90;9
77;16
66;16
65;7
23;5
19;17
26;10
75;10
7;20
95;15
29;17
80;18
6;16
95;10
24;16
87;5
76;18
2;10
37;19
93;14
45;12
25;6
68;16
71;10
82;5
72;18
40;14
8;16
94;16
19;6
25;2
100;13
21;12
11;10
55;5
70;13
60;20
43;12
79;3
30;5
10;10
2;3
49;6
56;3
66;1
27;3
3;8
97;13
56;1
64;10
17;15
15;14
74;4
70;12
28;17
35;11
45;11
4;2
56;15
67;9
28;10
94;9
53;9
83;11
24;13
40;13
29;4
82;10
92;4
34;12
76;19
61;6
65;9
2;17
69;2
16;5
16;1
32;17
48;16
94;14
59;1
12;3
12;7
19;1
18;1
28;6
77;6
24;17
82;13
85;17
72;15
96;9
8;18
76;11
72;15
61;4
69;16
91;14
71;16
80;19
71;4
97;4
59;6
94;15
67;2
9;2
45;19
55;6
1;2
57;6
55;20
89;19
47;8
23;5
9;19
11;8
98;15
79;3
42;1
9;17
16;20
10;3
9;13
14;2
4;15
72;5
1;8
94;3
17;3
3;16
10;6
70;1
45;20
49;11
97;19
31;4
45;9
51;19
86;5
39;2
5;15
69;1
17;10
68;14
80;17
32;14
90;12
65;13
60;5
46;19
30;19
44;19
81;10
56;3
22;3
97;13
1;9
100;16
99;19
80;2
75;18
86;12
4;6
48;3
40;7
78;14
34;1
83;3
70;14
49;1
85;17
1;16
66;20
10;13
54;8
1;20
97;4
91;1
99;12
18;16
77;8
62;8
81;9
59;10
75;11
27;14
98;16
30;19
45;5
53;15
94;4
45;5
60;18
38;12
9;10
52;4
32;6
79;20
83;3
15;12
35;11
77;20
5;9
27;8
23;8
21;2
77;13
16;11
88;11
89;3
93;16
30;3
24;18
34;13
41;13
93;20
39;17
43;3
11;1
96;10
95;3
47;13
57;18
76;18
72;8
82;1
18;18
14;18
76;20
79;17
19;18
86;18
73;8
13;7
40;7
31;3
66;2
75;19
83;11
21;13
35;6
52;20
74;7
43;1
92;1
9;11
47;15
41;2
35;8
79;15
4;6
66;14
91;15
88;8
17;12
61;1
39;7
12;14
49;15
61;19
56;1
45;1
11;1
40;18
99;19
32;17
64;6
80;1
71;20
80;19
95;12
78;12
36;19
46;3
100;20
49;11
60;1
82;7
23;12
9;3
17;14
32;6
21;6
97;1
20;15
93;6
67;16
32;13
67;10
95;9
40;12
34;2
55;10
16;12
48;11
63;1
7;4
91;1
83;10
5;5
14;12
34;13
63;16
85;20
62;2
19;3
28;4
74;6
12;3
88;4
4;8
78;11
10;4
29;6
41;9
1;5
38;11
73;19
48;10
16;7
34;15
8;8
58;4
82;17
44;19
76;18
48;13
42;2
38;5
23;8
74;12
15;1
15;18
94;14
49;16
42;9
47;15
67;6
5;16
53;18
25;20
56;2
68;2
68;14
72;5
37;2
17;8
62;3
97;8
34;4
14;2
65;2
84;8
66;18
42;3
63;16
83;19
58;3
99;18
23;10
72;10
19;5
33;17
81;20
85;15
88;6
4;10
21;9
39;9
36;4
80;12
30;5
37;1
97;8
39;12
97;4
78;7
61;19
98;1
62;2
30;20
97;13
20;7
41;3
88;18
72;4
73;20
54;2
97;10
13;3
71;8
51;8
45;11
63;17
90;9
91;18
75;5
36;3
4;2
22;1
84;18
3;2
10;13
57;3
2;6
1;20
94;6
25;14
27;20
67;7
97;12
53;10
12;3
1;5
45;2
33;14
27;6
49;16
50;11
1;11
33;16
16;4
46;5
74;3
50;10
59;10
71;6
5;5
31;19
42;5
40;12
37;8
100;8
100;7
88;19
82;11
5;17
51;6
94;10
85;14
2;6
86;6
3;12
47;15
95;11
29;20
51;11
18;17
46;6
38;7
21;14
85;15
32;16
63;6
33;20
53;10
79;18
89;9
86;7
33;8
72;9
8;15
44;14
36;6
67;19
61;3
59;2
36;4
43;19
55;6
32;19
93;6
52;1
89;9
83;5
52;10
68;19
54;3
20;15
81;20
15;8
67;4
12;7
30;11
77;11
15;17
82;5
65;7
10;4
85;6
7;18
95;8
59;13
64;9
100;20
35;8
16;11
8;14
53;11
34;6
19;14
17;3
71;19
94;6
40;6
10;19
41;11
3;17
27;8
37;10
23;18
61;10
76;6
7;2
26;12
96;19
96;4
68;14
14;13
42;17
68;12
57;5
73;9
9;4
78;12
4;16
84;8
52;17
40;8
77;18
40;3
37;13
95;7
92;14
16;6
85;3
51;1
5;20
47;15
66;16
36;19
33;17
47;11
53;14
72;5
78;17
72;19
33;16
59;10
63;19
3;12
39;3
48;4
90;5
82;19
66;7
29;17
62;9
4;11
97;8
84;10
81;4
97;5
6;12
41;19
92;19
89;16
22;4
51;3
44;6
21;2
58;2
91;15
65;9
89;1
37;15
11;5
70;3
22;13
93;4
55;12
76;8
71;4
33;17
48;8
79;1
54;8
78;15
12;8
55;5
78;16
56;3
23;13
55;3
1;3
13;3
68;9
19;5
83;10
30;2
50;16
34;11
46;10
74;2
93;2
55;18
39;3
52;16
69;4
47;8
74;11
11;3
73;2
75;1
10;20
50;6
17;14
38;17
47;15
9;12
75;1
43;18
21;2
72;1
48;2
75;1
77;9
89;9
87;7
83;17
63;16
69;16
70;8
12;18
82;1
73;6
58;8
98;8
24;7
19;14
14;8
60;3
46;18
62;13
80;5
57;3
57;3
84;14
69;16
2;2
80;10
40;8
58;19
81;5
50;3
56;20
18;18
30;16
23;13
60;6
20;13
14;15
8;14
91;19
26;15
83;14
52;9
11;4
100;3
59;19
68;20
59;10
61;17
85;16
94;13
16;7
99;11
65;14
5;16
8;20
16;4
7;12
26;9
9;3
37;14
85;20
74;9
19;20
72;4
59;16
93;15
47;19
72;14
83;4
21;1
61;4
93;13
41;11
1;11
23;8
3;18
100;5
42;11
53;12
82;11
21;14
56;9
100;13
95;2
67;15
28;11
47;6
38;10
40;15
97;5
64;14
4;3
5;16
79;13
98;4
40;10
46;7
58;16
61;8
90;3
90;17
26;7
69;19
71;1
30;8
89;3
100;5
73;8
13;1
29;15
74;19
95;17
29;3
1;13
44;7
70;7
31;18
39;8
74;3
62;7
33;1
3;7
35;16
74;9
3;8
8;1
59;18
57;14
88;20
88;13
52;10
15;5
14;5
34;8
15;4
22;16
96;2
40;4
92;20
32;8
91;3
83;1
29;16
99;11
20;6
57;16
66;3
97;18
84;12
93;13
38;4
10;13
31;13
1;5
27;11
52;6
90;3
89;11
23;16
78;5
43;8
59;1
55;10
87;16
74;13
48;16
25;13
53;19
80;19
90;1
21;9
100;7
93;20
39;10
1;16
46;6
20;1
55;12
37;8
53;20
19;9
32;6
67;4
66;19
61;17
28;2
3;2
99;5
22;8
88;17
37;3
62;20
52;15
30;11
95;9
12;9
36;18
53;12
54;18
89;5
27;20
97;4
84;2
89;1
2;16
7;12
54;4
16;2
41;18
25;13
98;20
60;10
14;4
41;7
76;3
74;5
66;8
40;8
99;14
29;2
22;4
34;3
59;9
74;20
75;7
58;16
19;8
23;11
29;6
46;17
45;7
18;8
35;3
86;4
80;6
78;15
88;16
1;16
37;10
40;19
85;14
62;16
51;10
15;9
52;19
64;18
17;5
35;8
51;11
84;9
13;13
20;8
62;1
23;12
18;12
16;8
59;11
59;12
95;12
70;8
96;3
61;3
49;14
56;3
50;12
82;8
31;15
20;8
3;7
18;12
49;12
16;16
86;1
98;3
9;14
7;5
44;15
54;9
3;2
14;18
22;15
98;3
82;8
23;5
94;4
82;7
24;3
18;5
87;17
59;9
16;1
43;18
67;16
9;3
62;1
62;12
32;17
47;18
7;4
47;10
20;11
95;17
99;2
13;9
51;16
37;10
6;2
96;5
61;4
98;6
60;1
44;3
94;9
37;12
88;5
94;13
63;12
51;12
36;4
2;14
84;7
25;14
56;16
83;4
36;16
66;6
36;19
46;17
29;5
35;17
78;11
49;9
19;12
23;10
65;8
70;3
50;20
12;15
78;18
10;12
43;1
80;20
100;4
16;9
76;18
65;1
1;4
88;8
67;4
55;5
89;15
47;11
87;6
60;4
19;10
9;9
82;8
79;10
23;19
32;12
30;20
40;5
89;12
9;8
38;1
85;4
1;8
60;18
29;8
21;14
50;5
75;13
53;9
66;13
47;8
82;7
31;5
47;17
87;2
1;11
99;9
97;19
13;9
71;3
82;8
88;10
68;10
80;17
15;9
35;17
83;5
31;15
97;9
69;13
19;12
36;12
84;20
86;16
65;12
7;17
25;8
39;3
19;17
31;5
66;16
16;12
34;2
39;20
22;9
21;3
98;10
40;17
99;4
93;8
94;1
26;5
14;19
74;18
30;2
21;11
1;15
52;7
20;19
46;3
57;15
73;19
3;15
34;17
59;14
42;14
95;8
27;8
26;7
16;11
52;1
58;18
85;9
94;8
26;7
23;16
28;15
4;10
36;4
31;2
43;17
45;10
51;17
1;5
95;10
27;8
85;3
71;12
30;10
13;8
67;8
50;16
20;7
61;4
16;12
45;14
50;17
91;10
20;18
32;12
51;8
36;12
40;6
32;5
74;10
85;12
84;9
20;6
75;4
65;7
10;6
73;20
20;7
95;9
37;12
72;16
37;18
15;14
90;9
65;14
28;11
2;17
48;18
17;11
85;10
86;13
81;13
69;5
75;2
2;14
81;5
43;8
42;15
45;3
10;20
55;5
71;18
23;5
16;18
70;17
51;17
52;11
85;7
40;8
87;13
6;14
12;10
62;17
24;9
47;12
53;17
49;9
39;13
47;12
34;7
87;15
21;16
48;9
18;2
37;10
4;18
16;6
13;7
66;2
79;8
86;5
91;15
65;11
9;12
41;6
92;4
62;5
77;4
100;2
22;8
11;18
49;18
14;2
7;7
41;18
45;10
2;6
96;9
64;15
13;14
15;7
80;8
32;5
93;1
31;1
76;2
84;4
51;13
97;20
2;1
67;16
97;7
13;12
23;3
42;14
69;16
17;3
82;11
55;12
1;16
68;20
33;8
1;6
34;5
70;17
34;15
98;10
89;4
12;17
82;13
31;3
58;14
3;15
100;2
91;2
35;5
12;4
14;8
59;15
25;7
13;19
52;4
86;6
80;5
52;12
83;16
44;13
58;3
47;10
30;19
22;7
54;20
76;2
76;1
98;6
95;4
34;12
64;20
74;4
16;17
86;8
39;3
39;1
62;19
8;12
91;13
84;16
30;15
44;6
50;10
44;20
69;4
2;20
47;11
80;10
9;12
16;1
99;8
86;2
90;11
30;12
69;13
59;8
94;19
74;9
59;6
57;7
61;11
45;5
52;11
53;9
84;14
74;2
90;12
68;6
58;4
58;6
64;16
81;9
63;6
51;19
88;14
55;11
81;4
6;17
47;6
95;10
72;4
81;19
38;3
62;16
43;9
52;18
15;6
38;1
54;18
3;12
30;19
24;12
56;15
82;15
47;7
15;3
21;4
44;11
44;10
50;12
4;8
34;14
52;13
93;8
98;20
8;19
73;2
23;13
67;11
84;8
89;19
99;11
95;3
17;16
72;16
68;11
14;12
26;4
53;6
9;11
38;14
39;19
58;12
61;12
57;6
16;14
87;16
37;16
6;5
20;5
71;6
21;16
65;17
43;5
32;5
98;10
28;16
40;14
79;7
89;9
34;7
14;15
48;17
36;16
51;12
97;14
99;20
58;6
9;10
63;10
70;13
36;20
84;12
34;15
44;4
76;14
25;5
63;7
96;18
75;1
65;2
50;3
11;3
86;19
97;15
13;20
21;4
74;3
13;11
44;12
83;2
47;18
64;19
75;2
90;4
21;5
98;19
96;14
87;3
56;10
46;20
77;1
73;16
90;11
81;16
84;10
72;6
71;20
36;11
85;19
6;16
51;5
92;20
96;7
73;10
81;10
61;15
69;16
36;10
12;10
47;12
66;18
56;15
71;1
70;17
69;12
95;17
94;1
93;8
13;6
77;8
21;20
10;6
84;13
86;14
59;18
44;12
12;5
39;17
28;11
52;11
100;13
45;3
90;15
90;10
21;6
26;8
58;11
68;6
71;17
57;6
39;19
70;5
7;7
82;10
41;7
97;4
18;19
75;15
39;20
46;17
91;11
21;11
68;9
69;2
86;16
30;19
57;7
53;11
19;4
18;3
78;1
27;3
40;16
26;16
98;17
6;1
24;11
67;4
98;5
83;14
83;6
87;12
36;3
55;19
33;12
93;17
4;13
79;16
85;1
84;7
26;17
81;17
69;12
1;13
90;20
19;13
41;10
72;1
45;14
55;13
20;5
44;1
91;14
56;13
49;18
97;17
53;10
88;14
88;13
37;15
22;15
55;19
7;14
9;8
2;13
40;7
91;14
3;6
74;11
78;15
78;10
47;10
66;8
85;20
21;16
84;18
34;3
99;6
88;3
8;19
18;14
62;18
78;13
55;6
45;10
55;4
6;4
16;17
83;9
64;16
22;17
97;12
75;2
71;4
82;17
20;6
87;16
62;3
47;1
34;3
53;10
7;11
77;19
8;20
55;9
90;5
85;9
50;20
99;19
8;11
32;13
80;18
50;15
92;2
89;15
68;6
21;2
98;8
24;11
51;8
61;12
55;14
80;7
87;17
50;10
64;16
59;8
73;5
65;2
67;16
34;5
85;18
44;10
18;12
17;1
92;16
84;15
60;17
75;8
45;2
14;18
66;20
43;20
49;6
60;2
93;7
27;14
50;7
43;2
77;19
79;11
65;9
20;15
14;14
26;7
61;6
98;17
98;1
97;20
87;7
89;18
79;3
82;14
9;1
7;2
28;4
99;14
77;3
100;19
95;20
38;5
24;4
100;19
31;9
7;6
46;19
92;15
69;3
91;20
33;5
90;8
17;5
88;18
27;14
49;17
93;16
8;4
100;9
12;19
78;19
57;12
52;6
94;12
70;20
20;1
60;5
84;15
98;4
12;10
74;20
89;6
2;14
26;3
55;11
30;17
20;16
10;2
86;6
95;15
27;16
97;7
10;14
17;15
66;19
53;5
34;4
91;19
88;7
57;2
37;2
91;8
43;17
56;19
61;19
46;9
60;1
85;15
41;4
21;3
44;1
85;16
37;12
13;3
62;1
44;14
46;9
18;12
56;16
18;8
100;17
93;1
60;10
94;15
31;9
44;16
49;4
55;17
19;13
26;9
14;11
78;4
25;7
41;13
80;1
73;15
99;5
13;1
29;10
27;5
10;7
32;6
18;17
97;10
6;16
68;2
84;1
72;15
12;5
52;11
83;14
41;5
61;8
44;13
85;17
70;9
14;17
3;9
84;14
70;17
64;6
76;7
6;7
12;20
29;13
22;11
9;3
76;20
15;5
2;7
9;3
96;4
54;15
56;19
52;4
77;17
44;3
52;7
76;11
53;9
99;13
5;17
72;18
60;2
93;1
78;2
25;13
39;15
39;19
15;14
54;14
71;13
62;1
35;8
10;11
13;7
95;19
8;17
70;8
21;2
5;13
69;5
39;7
45;2
30;16
82;13
23;5
55;1
83;6
95;5
87;10
4;10
13;10
80;9
82;13
36;15
21;18
74;5
40;2
59;4
75;18
26;1
59;10
80;14
6;19
98;8
59;4
47;9
80;5
17;1
43;2
60;1
7;6
25;17
82;17
21;16
15;17
5;19
47;14
82;15
27;9
46;14
79;10
67;16
100;12
29;12
8;11
43;19
43;15
43;16
37;2
8;16
58;4
12;6
47;8
23;20
81;6
42;16
25;5
33;7
22;17
4;18
82;9
42;5
29;2
59;12
16;1
69;2
33;5
49;1
69;18
77;14
38;19
65;4
89;1
47;6
28;18
90;12
83;6
65;18
90;10
19;5
95;5
77;11
26;18
3;13
49;3
5;12
20;11
53;3
71;13
6;18
91;4
36;2
64;11
87;5
60;10
59;6
3;6
13;13
51;18
34;20
45;18
39;5
21;6
20;19
73;8
67;3
97;10
17;11
88;14
11;17
5;7
95;9
96;5
88;8
79;1
52;12
63;18
11;8
91;16
90;5
1;5
41;13
15;15
70;9
85;10
88;20
79;20
56;14
33;4
84;1
11;19
51;17
39;15
39;4
53;2
13;19
11;13
84;16
17;11
83;15
74;5
86;3
26;20
9;15
52;17
90;16
37;8
44;17
46;20
13;17
8;4
32;18
29;10
80;9
42;17
94;2
83;1
43;16
50;4
85;19
99;3
27;7
85;17
71;2
21;14
7;3
35;13
5;3
85;9
61;20
70;5
73;16
48;8
25;18
66;11
96;7
58;11
69;15
15;20
59;13
30;15
99;20
55;10
80;6
1;8
99;19
41;1
45;20
6;7
12;7
48;3
14;5
74;10
69;7
59;5
57;3
55;16
40;4
48;9
8;19
50;4
85;8
83;13
52;1
56;7
87;14
59;11
68;14
82;14
75;16
21;4
23;13
100;18
56;16
27;9
70;17
53;5
18;9
80;2
71;8
44;13
9;13
100;12
93;12
68;20
24;7
81;19
9;14
73;17
11;7
82;20
100;17
36;19
26;9
4;9
14;18
21;2
84;16
68;4
58;11
51;5
60;10
12;10
52;9
48;11
2;17
91;16
73;5
21;19
10;12
6;4
16;18
66;10
70;17
36;4
25;3
29;12
25;4
58;20
81;4
97;12
38;17
26;3
40;2
57;7
69;3
3;11
72;9
40;20
83;9
89;10
40;20
41;13
27;11
58;5
91;1
58;19
93;2
54;16
50;20
34;2
76;18
85;1
67;20
78;9
59;3
11;20
36;14
9;3
56;2
8;3
24;11
66;20
56;11
48;6
84;11
48;3
90;13
74;20
73;4
84;6
49;4
80;8
5;2
37;12
84;4
44;20
77;1
96;4
69;10
62;18
74;1
91;6
60;13
63;15
38;17
49;10
27;9
7;1
67;6
42;6
100;10
40;20
67;15
93;16
82;2
91;6
20;19
16;9
37;9
82;15
88;11
81;18
32;6
33;16
65;1
81;17
83;13
16;8
37;8
5;3
1;4
5;6
27;19
22;13
74;12
32;13
87;7
6;6
31;11
93;14
76;15
42;14
49;18
48;3
61;1
25;3
60;18
67;10
39;4
21;8
32;15
67;2
77;19
48;7
36;12
9;10
43;13
97;4
98;16
62;15
27;15
48;1
82;7
29;1
38;5
77;11
57;14
10;2
62;17
72;19
25;10
69;17
7;6
61;17
9;6
47;11
38;3
28;15
74;20
74;6
51;12
40;1
14;15
56;13
62;3
13;4
85;7
14;1
37;4
57;10
36;13
14;11
40;13
44;3
91;12
98;10
92;2
58;2
86;14
5;15
90;15
100;3
100;15
27;11
97;16
10;1
30;14
93;13
52;18
48;14
83;11
85;3
55;2
78;2
66;9
97;7
43;13
69;20
90;3
32;20
62;4
91;20
46;5
39;9
25;2
54;7
1;7
13;12
82;9
81;7
92;9
12;11
31;20
44;9
2;14
82;1
33;15
52;17
46;8
60;5
38;4
89;7
34;8
87;11
96;1
43;11
24;5
46;7
79;13
64;14
77;16
79;3
16;6
49;17
89;11
94;2
6;6
81;13
19;14
81;8
37;11
17;9
66;5
61;9
70;4
78;9
28;3
96;7
87;11
29;4
6;17
51;12
4;8
42;8
72;15
89;18
27;2
54;4
34;14
78;19
5;1
88;18
98;11
42;20
91;6
52;1
64;1
5;3
43;13
30;11
8;14
71;9
82;8
98;12
24;5
80;7
93;13
49;5
48;19
33;18
86;16
9;19
4;8
60;11
1;16
39;12
85;17
83;6
13;14
62;8
80;8
52;1
67;10
63;7
7;11
3;5
15;19
8;2
94;9
29;3
47;1
77;3
28;16
3;14
24;16
90;15
59;9
41;8
88;1
94;11
92;20
45;4
37;12
29;2
66;16
1;2
12;3
1;11
10;11
91;6
9;5
95;14
73;5
89;3
84;2
97;19
97;15
29;15
38;20
4;15
97;13
68;3
37;2
74;2
89;10
11;7
17;10
73;8
2;14
3;3
12;3
73;9
14;6
64;19
25;15
50;10
17;2
94;8
82;1
43;4
100;7
46;19
20;12
84;2
57;19
42;8
31;19
15;17
74;17
77;14
72;11
89;15
57;6
42;4
67;9
16;1
74;14
26;10
23;9
52;1
18;10
55;2
21;12
55;10
30;1
62;14
40;13
56;6
1;16
17;12
13;9
32;5
49;5
26;17
41;4
71;4
41;15
80;9
85;19
99;12
31;4
40;14
40;20
82;5
23;14
79;15
29;13
32;13
92;19
99;18
51;11
83;17
1;2
6;5
18;12
37;6
43;9
45;12
74;18
63;14
12;12
20;3
75;7
8;6
47;17
20;17
58;15
53;8
34;14
72;1
75;18
58;7
50;6
18;9
24;6
67;18
6;7
65;15
32;14
9;19
5;7
80;8
77;15
72;10
87;15
86;14
90;2
2;19
78;20
29;5
13;14
71;17
54;3
82;2
88;6
17;19
69;6
10;18
87;8
49;19
75;3
81;11
32;5
84;2
15;18
38;8
91;17
79;18
44;4
33;20
22;5
64;14
34;17
25;16
53;20
54;3
20;17
74;5
35;15
3;9
18;6
80;13
61;7
28;10
33;10
68;9
74;2
65;17
44;20
54;5
47;5
34;6
87;2
20;9
7;19
84;16
51;17
57;20
49;1
63;18
75;1
65;11
63;10
21;19
19;1
88;3
67;19
22;11
67;16
48;10
48;15
40;20
14;20
83;8
24;5
64;9
35;4
84;17
4;20
95;5
7;6
46;8
69;2
19;7
92;7
12;11
44;6
43;2
73;15
47;15
20;5
78;19
56;13
9;20
45;9
98;8
77;5
99;11
57;12
59;2
21;18
28;2
32;11
65;4
60;14
39;20
93;12
99;16
7;10
34;15
48;19
90;7
12;14
26;11
38;1
91;14
11;19
91;11
4;7
16;13
75;20
74;20
75;20
29;17
75;11
72;4
41;16
93;16
19;3
41;7
58;5
96;15
91;15
47;5
14;3
48;19
8;4
91;17
65;15
35;17
72;12
49;16
9;17
31;10
5;5
58;6
15;13
47;18
15;17
45;1
31;12
56;20
38;17
51;6
36;19
38;7
66;15
36;9
99;15
93;10
34;10
16;7
49;17
61;4
61;7
8;3
36;19
38;10
65;12
8;8
37;2
23;8
96;4
95;16
58;8
98;17
75;12
74;7
99;3
42;4
85;1
7;5
29;13
44;2
73;15
26;8
53;1
86;5
41;12
48;3
70;20
83;14
4;15
35;8
52;5
88;5
72;1
28;6
34;9
15;6
78;16
6;3
29;16
85;20
57;3
15;4
69;5
99;9
65;2
58;4
52;16
69;2
95;12
86;19
96;11
68;5
11;3
69;13
10;4
55;14
26;11
15;4
21;7
7;8
64;8
9;11
1;7
18;8
23;2
49;1
37;8
93;7
13;13
90;13
78;2
56;3
88;9
81;9
67;1
43;14
22;3
92;4
41;6
60;15
98;20
2;5
77;18
8;14
88;14
70;4
38;19
7;2
83;17
75;15
20;13
33;16
63;8
15;2
46;6
21;5
17;11
98;8
42;20
48;17
8;16
78;16
42;16
85;14
48;9
45;10
76;12
56;9
18;18
62;7
21;3
45;3
80;15
82;18
73;10
86;10
70;8
18;4
20;17
89;10
69;20
39;10
82;6
11;19
41;18
29;6
82;9
77;12
40;15
39;1
59;18
31;14
67;13
70;8
46;18
75;12
62;14
20;15
72;10
92;20
63;5
2;5
81;16
98;15
14;7
18;17
69;7
44;7
46;20
13;3
97;10
18;15
77;20
99;9
13;15
58;4
76;10
96;7
17;3
81;18
94;4
62;17
6;10
91;9
45;6
12;1
2;19
76;13
67;1
30;3
9;9
60;7
75;9
49;9
52;11
32;7
42;11
41;19
50;2
72;11
96;20
16;18
20;19
90;13
21;14
20;3
50;1
67;10
84;1
23;8
96;14
82;5
48;20
54;2
21;6
35;13
14;20
48;8
20;16
37;19
23;11
22;20
2;10
48;17
14;4
43;6
21;16
95;12
90;15
21;18
72;13
46;3
94;15
76;11
46;7
7;17
68;12
78;10
44;2
65;5
10;2
88;2
73;19
75;19
9;16
37;4
71;16
70;2
73;2
18;14
3;5
24;15
98;15
99;3
67;11
84;10
74;10
42;20
86;4
70;20
2;18
92;20
52;18
45;3
50;9
31;7
77;11
46;4
99;20
86;5
65;7
49;20
68;20
35;14
6;2
59;13
89;11
63;1
15;14
61;5
78;5
11;7
54;7
5;9
8;17
85;15
65;2
28;16
88;7
74;11
30;18
20;15
99;9
89;15
18;3
11;7
20;8
7;12
90;9
87;9
96;12
87;9
19;9
48;5
93;10
33;18
37;5
12;10
92;1
5;3
7;4
6;1
35;6
53;1
96;7
15;1
84;20
10;11
93;9
9;12
92;13
30;18
27;15
84;7
30;9
46;1
71;12
79;10
21;14
62;11
70;18
20;18
1;20
52;13
25;14
40;9
77;17
82;14
86;14
28;1
38;14
9;13
37;14
34;1
44;2
47;5
18;7
22;12
87;13
43;15
47;5
35;18
86;12
45;15
83;10
76;10
11;10
58;15
88;2
56;5
48;5
76;11
65;11
2;12
47;15
58;5
93;14
9;4
82;7
6;7
28;16
50;5
53;2
77;8
24;11
88;9
77;19
77;5
5;14
48;14
17;14
13;2
4;6
3;19
21;3
69;17
37;19
36;3
6;14
75;11
19;18
34;4
40;18
76;11
56;1
93;17
45;14
76;10
99;8
7;14
75;17
33;18
64;4
80;6
53;16
32;7
83;20
94;3
96;15
58;19
92;14
24;20
31;3
21;8
13;8
86;19
59;10
40;9
30;6
23;18
57;20
96;18
44;13
80;6
37;7
68;12
82;19
44;8
38;1
77;9
67;20
80;8
72;20
91;5
86;5
99;20
80;17
17;6
10;11
92;2
67;15
99;10
35;19
36;8
55;5
90;18
88;7
71;7
62;20
38;7
81;13
6;19
39;2
31;3
7;12
74;8
12;17
57;3
2;5
54;19
65;17
84;11
45;1
13;19
86;17
57;3
66;16
36;11
8;8
1;10
73;1
83;9
76;19
13;15
14;18
27;17
89;14
82;14
36;13
89;20
56;11
12;9
25;19
27;3
39;15
92;16
34;6
4;14
26;7
93;11
37;17
97;14
32;13
83;3
18;6
43;12
45;3
98;20
4;14
40;5
65;15
6;2
37;1
56;6
49;17
41;1
62;9
10;12
88;7
50;15
73;18
19;9
51;3
77;11
80;8
61;14
15;19
76;1
92;13
100;3
100;16
52;17
56;11
93;15
95;14
25;15
8;10
100;8
55;13
10;14
86;7
32;10
31;6
56;19
64;13
13;18
8;5
51;13
63;11
95;3
68;16
25;3
28;19
88;6
93;16
71;18
13;20
86;4
37;9
24;18
86;4
63;2
29;18
31;9
77;15
78;10
32;1
40;20
98;17
40;17
96;10
62;3
45;6
1;9
92;7
2;2
55;11
67;4
21;16
16;17
21;2
49;7
60;10
38;4
61;16
65;1
68;6
13;1
53;9
58;14
87;15
24;14
22;11
11;17
9;13
89;8
74;13
50;18
35;3
94;15
50;10
43;11
59;6
75;3
12;10
16;8
17;17
18;17
49;14
4;8
2;2
74;7
20;7
59;5
16;2
53;12
19;8
24;11
84;3
29;13
34;9
88;20
67;17
1;2
41;13
60;2
70;17
36;19
60;12
17;1
25;7
8;14
3;8
50;18
74;9
82;6
57;5
71;4
1;11
18;1
93;15
83;17
16;9
99;1
37;13
22;6
40;1
1;13
17;15
73;1
66;13
77;3
2;7
73;5
39;19
66;17
97;11
45;14
77;13
31;8
17;15
47;11
7;15
68;1
40;9
2;12
70;15
90;15
2;15
24;10
40;13
33;16
61;3
94;17
65;16
90;12
7;3
54;12
30;19
12;1
21;17
61;13
51;15
75;9
89;9
57;8
18;19
44;12
54;11
71;17
67;20
15;14
7;6
78;19
25;11
98;2
100;11
12;13
75;7
85;15
53;16
80;18
91;10
70;4
17;19
89;4
2;6
15;6
28;12
78;12
46;6
42;5
14;13
64;4
38;19
52;7
73;18
33;6
67;13
87;4
10;16
45;11
11;20
46;8
4;17
78;10
100;8
14;11
61;4
13;17
36;9
49;3
45;2
13;3
90;10
65;20
11;17
80;4
68;13
40;12
87;11
95;15
37;12
28;8
58;19
63;19
51;17
54;6
84;9
22;14
40;8
39;14
70;18
12;17
41;12
34;17
14;16
74;20
99;6
75;12
35;17
25;18
60;6
77;18
49;10
8;3
18;4
1;18
27;9
77;15
54;1
75;3
70;1
66;11
11;19
32;17
36;16
22;8
80;6
13;6
2;8
21;7
82;9
32;10
97;3
59;15
4;6
9;10
26;11
27;17
19;14
98;4
81;3
31;8
52;14
49;9
78;2
64;10
98;15
43;9
24;19
2;11
63;6
89;10
41;2
49;14
86;20
53;3
41;1
95;17
97;10
25;9
6;2
47;20
55;1
34;8
70;7
37;1
14;15
17;5
62;16
5;11
86;9
22;18
87;19
19;16
99;7
67;11
14;19
12;8
46;5
27;19
26;18
61;16
12;20
24;3
37;17
49;10
57;1
50;17
43;6
94;9
45;10
48;16
30;18
31;4
93;1
32;20
72;19
92;17
81;13
34;7
87;4
66;9
40;7
41;3
17;7
64;16
93;17
76;1
39;20
73;2
67;9
29;2
2;9
20;19
67;11
46;9
35;19
28;7
2;12
8;12
14;4
28;4
81;16
19;1
33;20
47;3
3;20
14;17
53;18
51;14
10;11
91;17
56;1
58;15
43;2
7;14
42;8
100;3
69;12
10;2
79;15
61;1
69;9
100;14
37;12
98;11
34;18
66;20
25;20
36;9
57;15
7;12
77;1
99;7
96;7
37;1
54;7
19;1
13;2
32;7
84;9
46;20
46;1
18;9
96;2
58;1
89;18
8;3
67;11
24;13
6;15
99;18
13;2
44;13
8;19
36;4
14;5
45;3
24;6
14;7
45;16
17;13
27;1
4;4
26;13
84;3
77;15
73;8
15;4
36;4
12;4
26;13
62;7
5;19
29;4
59;17
47;1
59;13
99;17
53;10
68;4
50;1
25;10
73;20
34;12
21;5
6;6
61;11
55;10
15;4
31;2
66;15
59;20
4;1
64;10
96;20
40;1
48;4
50;13
63;19
38;20
73;11
81;5
92;15
96;7
64;8
73;18
32;3
45;19
73;17
45;19
14;12
94;11
90;19
91;13
73;19
82;12
13;3
13;8
99;11
13;1
96;13
51;17
95;14
19;3
1;4
42;12
80;11
40;10
9;8
27;9
57;13
62;15
40;7
75;1
94;2
98;19
18;15
86;14
56;3
62;13
16;3
73;9
33;13
6;13
8;8
29;17
93;12
12;10
89;12
59;11
29;6
14;3
80;7
71;13
60;14
41;9
41;13
20;4
20;1
15;14
84;20
64;9
94;18
15;8
34;16
55;13
20;20
98;3
44;18
81;19
28;11
95;14
15;12
84;19
55;19
38;9
80;10
83;4
29;8
95;16
52;15
47;7
96;20
75;16
62;18
60;1
74;19
85;6
45;15
72;6
21;2
8;7
96;12
28;12
75;6
79;6
66;3
19;13
26;9
34;3
100;11
26;1
75;9
71;17
1;15
32;12
48;6
29;8
39;12
36;9
75;16
43;6
56;8
46;13
20;5
75;19
73;16
92;13
98;1
39;4
54;14
88;7
41;15
21;19
10;19
1;10
68;4
75;15
33;17
39;11
46;4
30;11
14;7
73;10
39;20
51;3
81;19
95;10
81;2
67;11
9;19
69;9
27;7
84;7
28;12
86;5
46;3
1;5
58;14
92;4
39;3
21;14
2;9
79;14
48;16
28;7
31;12
40;8
12;19
52;10
82;15
40;7
26;5
70;4
56;4
24;17
75;13
5;6
90;11
64;3
87;9
9;16
44;16
20;2
96;17
49;19
28;19
99;13
59;11
2;5
41;18
2;6
1;17
80;10
78;16
17;16
67;9
53;12
3;14
4;16
45;4
82;15
27;7
45;12
72;19
91;16
40;20
21;15
3;2
25;7
96;14
41;6
41;17
13;2
98;3
57;14
19;7
54;6
90;1
1;5
65;17
36;14
34;14
23;1
59;14
4;11
79;4
74;13
27;15
33;5
64;2
65;16
26;14
71;11
60;6
32;19
80;13
93;15
28;10
61;8
59;19
80;6
70;7
84;13
65;7
46;3
36;10
97;1
70;7
85;3
32;8
28;5
78;16
98;14
69;11
68;2
90;3
33;7
96;17
81;19
39;5
42;16
95;2
37;11
37;10
16;20
7;16
63;4
56;20
28;13
8;4
21;8
28;15
17;3
44;10
40;12
72;5
35;8
54;5
9;3
67;13
83;6
53;16
61;4
42;19
47;2
94;15
77;1
13;9
6;7
12;20
46;7
29;17
98;7
39;14
18;19
93;14
87;10
33;9
89;5
11;13
74;4
80;6
10;11
18;2
96;15
4;2
79;17
88;2
72;4
27;13
19;16
4;17
97;6
45;5
17;9
59;6
36;14
13;3
26;6
27;3
61;18
78;18
19;13
39;3
34;16
17;9
65;10
7;12
64;20
28;12
14;14
51;17
58;5
62;6
72;7
45;17
87;7
53;20
89;19
24;7
39;10
20;6
43;13
50;17
13;7
88;6
39;17
54;1
63;17
55;20
18;5
70;11
93;3
48;5
21;2
65;9
73;12
49;12
52;4
96;5
6;15
24;12
9;8
25;19
37;5
15;1
35;5
78;20
24;9
66;10
93;6
15;9
43;2
18;5
16;2
60;10
13;7
22;13
37;13
29;10
9;11
34;6
52;6
78;16
61;20
26;19
15;1
18;11
10;6
39;14
70;13
30;17
91;6
15;5
92;3
96;3
9;14
56;1
65;20
56;2
8;14
56;12
91;3
3;2
51;2
28;14
22;10
41;14
81;15
9;2
92;17
55;12
41;2
63;9
4;5
57;5
81;15
57;7
96;17
100;3
19;4
86;10
91;19
27;3
60;13
77;13
69;6
41;12
49;10
51;14
14;12
28;7
22;13
27;16
27;9
16;1
73;1
40;5
3;8
85;17
61;6
37;17
41;20
41;4
51;4
29;18
38;6
70;13
47;1
13;1
78;19
72;7
35;16
67;2
80;2
7;1
30;13
89;16
68;6
61;15
66;15
27;1
80;12
82;11
48;1
26;1
39;4
42;12
41;7
83;6
40;2
81;17
48;19
1;19
67;4
46;5
81;1
6;4
34;15
90;18
37;19
75;7
48;9
21;4
80;19
3;8
57;3
26;1
1;3
27;7
52;15
33;10
41;15
56;8
41;16
31;19
66;9
100;16
100;9
89;20
33;9
52;16
88;15
56;14
99;3
94;10
45;13
41;10
92;11
52;17
2;1
65;4
31;11
63;8
28;13
50;20
29;18
72;3
76;5
89;8
72;5
16;1
57;11
91;10
96;19
16;8
77;13
28;6
97;3
98;10
53;18
59;7
18;13
9;3
10;13
27;4
60;2
54;19
4;5
21;2
47;4
15;3
53;3
7;12
80;3
90;19
38;11
10;13
21;4
29;19
84;15
86;9
91;18
29;9
32;10
38;6
5;17
43;3
79;17
29;3
47;14
40;3
58;7
41;11
89;20
81;12
95;15
21;6
88;14
1;3
66;12
67;6
94;8
36;11
70;13
79;7
100;3
13;17
96;1
21;6
55;10
78;10
76;5
43;10
41;19
83;9
46;9
33;1
74;5
76;6
45;19
32;14
91;16
67;11
30;13
63;1
66;18
49;4
11;6
30;13
56;8
56;16
56;19
68;12
8;18
39;12
48;9
94;5
96;19
6;8
57;11
96;20
82;8
92;20
56;14
96;15
17;14
100;8
21;17
86;16
53;5
32;2
7;6
22;4
54;16
70;15
27;17
45;6
100;3
5;6
71;1
70;1
13;1
55;16
58;3
1;2
40;5
84;13
44;9
29;17
22;14
100;9
45;17
95;8
29;12
18;9
11;5
11;17
80;2
30;3
80;3
31;14
97;17
82;5
75;13
92;9
38;11
17;2
45;7
24;6
31;6
97;20
50;19
73;3
87;2
95;5
73;7
51;17
11;1
86;6
98;2
67;4
83;13
48;8
76;9
46;16
89;1
39;17
2;10
92;17
52;11
83;1
87;20
60;19
1;11
94;17
10;3
74;12
98;5
85;9
84;12
99;5
48;14
43;11
38;8
58;1
19;17
61;15
90;9
6;1
73;14
58;11
95;4
97;10
67;19
13;1
3;1
99;13
41;18
75;11
97;2
1;15
82;5
25;10
52;3
40;6
89;14
18;9
96;8
28;6
8;13
55;15
28;1
39;11
16;1
67;10
66;12
9;18
23;5
94;12
67;17
4;3
98;2
50;8
75;1
47;20
83;15
18;17
87;13
75;13
83;5
66;11
72;18
48;15
45;6
63;2
4;1
95;12
15;8
90;18
79;16
45;3
90;7
59;11
53;2
45;10
20;15
55;11
72;7
47;9
82;1
35;1
90;10
15;10
11;14
67;13
100;3
19;11
40;9
22;7
35;18
69;20
30;19
57;2
52;9
71;12
30;20
14;19
82;10
98;18
68;4
8;2
5;6
2;4
56;8
94;10
43;4
89;12
78;4
33;6
51;1
27;19
7;6
96;2
16;20
63;17
59;8
6;2
51;18
56;3
79;14
94;5
31;14
19;9
36;17
22;9
31;19
12;6
74;14
34;16
3;15
64;12
1;9
14;18
21;8
83;18
75;10
11;19
4;12
59;8
6;10
26;6
88;14
31;11
35;17
31;4
16;11
6;19
70;5
40;19
2;12
37;12
4;14
75;3
34;14
60;4
17;11
39;16
16;15
31;2
7;13
86;5
28;14
26;14
32;2
45;1
53;3
2;2
39;12
42;9
51;11
67;4
51;1
74;19
64;2
56;2
8;15
39;11
23;15
56;2
5;7
56;5
6;11
36;4
83;4
86;17
64;2
80;10
100;16
93;11
87;6
43;14
2;9
50;4
79;15
81;3
59;4
60;17
73;12
71;3
40;14
89;13
22;9
41;2
96;7
75;2
82;14
46;19
70;7
29;19
92;18
65;16
28;13
61;1
36;17
98;5
59;14
91;17
58;5
5;12
63;17
57;12
75;6
48;12
94;20
64;5
46;17
36;13
2;14
47;13
24;3
37;12
92;20
100;5
83;10
10;20
22;19
56;9
41;3
9;13
19;2
57;3
12;4
95;17
65;15
16;7
7;13
68;6
19;14
66;19
78;16
63;11
70;17
36;1
67;5
96;15
78;6
25;12
45;15
7;19
70;6
56;8
86;15
69;18
54;20
92;15
79;10
20;18
15;10
91;12
78;2
60;17
33;12
14;9
92;3
65;7
95;2
30;10
89;8
41;14
11;6
64;19
58;18
88;12
24;2
40;1
65;4
51;12
45;15
67;14
54;2
67;1
30;1
48;6
62;20
8;1
82;12
46;10
41;19
31;8
19;20
55;4
23;3
45;20
1;1
17;8
89;3
85;3
37;19
44;5
26;14
34;12
80;2
82;9
45;4
83;6
49;7
85;5
90;4
83;5
60;4
50;2
48;12
65;8
66;2
10;8
52;3
38;7
26;17
60;9
89;4
95;12
94;17
37;6
1;9
68;20
69;19
15;15
79;8
13;7
2;19
77;5
86;7
74;1
67;8
81;15
22;17
91;12
90;2
5;4
96;11
38;7
53;19
77;11
85;3
70;10
96;6
82;18
57;14
78;2
96;10
39;5
91;6
78;1
80;12
62;5
38;20
67;4
84;17
30;3
16;19
69;12
62;5
6;19
55;13
32;9
83;9
50;5
9;14
86;9
2;16
71;1
5;3
53;4
58;19
15;11
32;19
44;5
76;12
7;5
78;16
35;9
75;6
85;8
25;14
74;14
91;2
14;2
83;5
68;4
91;5
84;18
14;15
89;4
41;14
38;7
80;10
34;10
65;4
75;4
15;19
90;20
85;4
20;16
6;16
30;9
99;17
17;20
14;14
18;17
46;7
76;12
54;19
3;7
62;10
28;17
57;10
84;5
32;8
10;14
87;7
67;19
8;14
32;16
44;9
66;19
92;17
56;16
31;8
51;11
8;1
13;14
60;6
11;6
22;18
67;4
44;3
67;4
49;5
80;14
59;6
8;9
40;19
43;4
83;6
83;10
72;17
75;19
46;5
49;9
44;7
100;8
18;18
59;13
79;16
66;11
76;13
25;5
45;10
10;6
70;6
39;17
97;3
89;12
98;11
88;2
38;2
85;5
79;20
29;1
6;14
10;17
22;20
90;11
58;12
77;11
3;8
89;1
100;1
39;7
15;3
4;5
57;12
70;3
56;17
33;9
3;18
75;11
39;9
40;13
3;9
26;14
88;18
46;13
70;12
26;9
59;12
31;9
67;6
31;17
83;20
60;18
99;11
96;3
41;18
22;4
40;16
13;8
97;2
68;14
22;12
67;20
63;4
13;9
36;5
39;15
40;15
4;15
94;6
3;4
59;14
36;19
85;5
49;12
58;15
3;16
10;2
37;15
38;10
66;20
69;20
63;16
100;7
75;14
63;12
31;17
41;2
69;17
61;6
6;19
29;4
65;8
32;8
1;4
52;11
3;19
71;10
99;11
78;14
44;16
93;7
44;14
6;6
9;7
82;12
76;18
35;13
96;9
32;6
27;15
70;17
2;14
88;12
98;3
73;19
55;18
98;1
76;17
44;19
83;15
66;10
3;5
100;11
70;4
47;6
48;11
61;1
56;18
12;17
81;8
13;17
12;10
94;1
32;10
18;3
18;4
65;16
43;17
40;6
8;3
95;17
46;17
64;4
3;10
68;14
50;20
10;12
11;7
100;11
48;10
62;16
96;5
22;7
65;1
38;16
100;9
33;13
80;6
57;5
10;3
5;20
60;15
59;20
61;17
52;5
52;16
91;10
65;3
26;17
5;3
76;6
89;14
59;3
1;6
21;3
97;16
36;11
21;3
61;8
45;16
15;20
42;16
64;16
89;13
86;13
1;8
52;2
67;7
90;11
36;13
87;9
22;16
51;1
65;4
39;15
44;18
73;9
81;13
39;13
12;4
97;11
41;14
43;17
26;5
26;20
41;1
58;10
23;3
57;3
94;8
100;10
51;2
7;5
12;9
77;3
28;9
99;19
82;20
24;14
3;17
75;20
73;20
59;3
14;9
41;20
7;17
10;10
48;13
80;10
54;8
30;18
13;19
95;15
80;6
74;6
5;6
20;3
96;11
15;13
63;4
70;12
24;2
61;6
57;4
16;6
30;8
18;15
63;13
20;8
52;6
49;8
87;17
48;8
18;6
81;8
39;7
42;1
25;1
82;7
33;17
88;2
81;13
62;4
50;11
84;18
57;20
63;19
87;1
39;9
85;13
43;8
18;13
11;6
1;12
34;4
66;13
71;1
82;15
91;18
7;16
26;5
18;13
18;15
14;17
15;9
42;15
79;16
57;10
73;13
36;9
38;17
93;2
43;13
14;6
65;16
94;6
44;3
41;17
99;9
26;16
40;20
56;4
41;12
16;13
6;6
39;9
79;7
67;7
77;18
27;4
48;9
77;6
53;6
54;19
73;7
94;14
67;1
46;11
45;17
80;5
18;5
57;4
64;18
44;19
30;17
96;14
76;13
68;19
48;5
86;16
93;9
25;17
39;1
67;6
27;20
68;8
17;14
48;1
38;9
21;19
80;14
18;2
57;11
13;1
32;4
88;1
68;19
25;5
28;11
35;12
13;11
10;7
8;9
1;8
1;18
21;13
48;17
36;13
75;2
79;7
68;17
91;12
98;6
48;7
21;5
45;7
44;11
28;6
22;9
65;4
49;5
96;10
17;19
34;1
18;19
60;1
36;5
53;6
83;7
83;2
1;17
87;13
31;9
50;11
49;7
11;15
82;1
23;3
21;1
74;7
43;18
67;14
47;13
28;12
72;9
25;6
78;3
19;2
97;11
20;17
9;16
53;10
2;15
23;4
74;11
93;2
4;5
54;3
34;15
34;4
78;16
63;14
88;13
21;12
21;15
38;10
34;17
48;10
76;10
9;18
25;3
12;6
44;18
54;2
55;16
75;2
98;17
77;2
96;12
30;19
8;10
12;17
10;10
67;19
15;4
67;20
74;3
48;14
81;7
10;2
37;16
4;10
5;9
57;15
93;17
96;13
84;1
83;13
78;11
100;14
7;15
56;1
55;7
62;19
20;9
91;9
99;10
96;8
27;17
62;9
46;8
100;9
59;18
26;13
43;9
44;17
21;16
79;6
68;9
51;12
86;2
71;13
78;3
90;7
29;20
13;19
17;1
91;10
91;6
80;15
55;12
34;16
39;15
87;12
45;1
31;13
23;9
23;5
55;3
75;7
57;3
13;4
58;17
77;8
65;13
12;5
45;4
83;11
50;20
55;13
22;15
80;7
8;2
96;12
77;9
34;5
64;15
53;13
72;7
76;17
32;2
63;14
95;4
84;10
56;9
96;17
63;8
20;20
77;7
74;5
37;6
16;1
8;19
33;11
75;13
75;17
44;11
91;6
68;20
28;3
9;14
47;8
74;14
43;2
98;18
13;17
88;2
49;1
36;3
39;2
37;11
27;4
15;11
1;9
10;3
2;15
33;9
53;16
92;9
77;14
53;1
86;11
21;15
85;9
59;20
66;9
98;18
58;14
20;14
10;4
21;3
95;11
46;8
95;6
83;13
51;14
77;13
50;17
5;4
23;16
58;8
19;4
99;19
89;3
84;2
66;10
57;20
67;18
53;13
42;2
64;9
49;1
20;12
72;8
100;4
39;16
83;17
78;2
69;15
74;16
61;9
49;2
28;20
83;13
50;13
53;18
82;13
44;8
87;14
60;18
35;12
6;12
4;12
57;17
62;10
89;18
79;13
92;17
34;6
84;8
24;16
17;6
32;18
17;17
55;2
33;9
70;14
43;12
92;20
95;4
43;11
34;10
95;19
13;7
57;9
45;15
24;9
56;15
56;4
13;12
77;3
23;12
99;1
47;20
34;5
87;2
47;9
4;13
4;8
74;3
22;1
80;18
87;4
99;3
24;15
20;6
69;16
83;18
93;11
80;20
14;4
3;4
4;15
47;13
22;8
91;2
45;13
99;3
24;18
52;3
5;8
62;2
100;4
8;3
15;10
11;5
55;11
43;8
59;14
47;19
18;7
13;1
50;14
93;15
80;3
32;10
55;5
33;4
62;6
75;16
36;2
64;18
81;12
5;1
27;8
32;12
76;3
38;4
93;5
100;14
68;17
95;7
15;15
99;13
86;9
60;7
31;19
27;16
19;7
22;15
7;16
58;18
8;15
13;3
90;5
51;10
47;18
88;6
52;18
64;20
60;12
61;4
92;14
74;18
14;18
74;4
80;13
26;20
16;18
13;1
35;8
92;7
21;7
83;3
57;8
83;18
74;18
71;9
4;6
68;3
2;20
24;2
59;5
45;16
16;7
81;2
83;3
1;15
73;18
100;18
50;12
30;5
35;19
14;18
10;17
32;5
83;1
27;10
42;14
10;19
85;4
83;20
45;4
1;14
16;3
41;3
44;4
39;18
42;16
78;2
60;10
36;15
91;7
97;17
30;14
50;8
26;13
40;19
24;8
23;1
47;18
22;1
39;19
92;19
55;11
27;2
78;6
2;20
13;13
98;8
78;5
30;5
32;7
94;18
50;3
76;11
97;11
14;17
71;17
85;12
81;8
79;2
16;3
91;7
23;2
48;16
75;19
16;14
4;18
97;7
67;10
24;7
29;10
3;17
22;1
91;8
9;10
14;6
51;3
60;6
72;5
47;19
52;15
21;15
24;7
49;3
75;12
89;4
26;14
18;4
86;11
39;3
86;20
59;1
63;16
99;6
12;19
12;20
84;19
32;12
46;20
17;16
48;5
38;4
15;13
38;17
73;2
84;16
67;15
20;3
60;18
76;7
87;1
36;7
43;16
63;13
97;17
99;2
67;2
64;17
70;11
99;1
28;18
57;3
88;5
38;8
26;20
87;18
56;1
91;15
41;5
4;9
29;4
64;20
77;17
23;8
20;15
82;4
30;2
58;4
10;10
43;8
33;3
86;6
92;19
1;6
41;14
27;14
68;17
94;4
82;3
75;12
18;10
42;2
96;1
50;6
26;3
79;10
45;5
69;3
8;17
39;9
47;14
97;6
39;7
74;18
76;14
28;5
44;12
94;20
49;6
82;5
9;5
42;19
67;20
52;16
53;5
78;5
34;17
35;1
40;19
21;20
75;12
44;12
7;13
58;16
28;7
55;12
52;8
6;18
43;20
10;5
13;6
52;18
2;16
42;9
18;10
8;9
88;1
38;18
56;5
44;4
25;9
5;18
82;16
71;10
83;2
18;2
74;17
88;14
28;3
20;8
97;19
77;15
33;17
25;11
52;15
49;3
95;6
12;14
40;2
14;11
96;10
25;11
87;4
2;14
5;8
7;1
7;16
52;20
47;17
37;3
64;15
32;16
73;16
4;10
27;1
62;2
61;17
99;19
27;2
68;7
7;2
92;1
50;16
65;12
82;6
59;8
23;18
72;5
20;4
64;10
78;2
43;18
29;17
87;11
64;16
63;4
19;17
56;12
58;4
50;7
35;18
48;14
45;1
26;14
15;3
74;2
32;5
63;18
64;20
12;17
97;9
53;7
73;14
47;13
26;17
88;17
86;13
8;4
65;19
36;7
29;18
33;5
70;1
28;11
31;16
10;6
17;17
3;5
100;11
16;12
17;6
67;9
67;11
33;6
77;19
94;20
31;20
99;7
86;10
26;9
41;20
24;14
38;1
22;9
83;7
14;5
74;11
73;12
40;20
20;1
67;17
13;19
63;8
26;19
52;9
63;19
7;20
29;15
71;8
5;11
63;19
77;16
67;14
22;3
64;12
71;15
20;12
15;10
46;8
55;11
12;14
93;19
18;9
80;11
53;18
100;12
65;20
11;8
66;2
62;2
86;9
16;5
84;7
22;17
41;14
11;6
3;6
91;6
8;5
18;19
93;7
3;16
93;3
52;17
97;5
21;2
42;7
51;18
44;19
55;9
33;20
30;14
68;5
21;20
84;1
83;5
29;8
93;13
50;13
37;12
69;1
64;5
58;12
65;12
9;7
25;8
32;10
78;5
17;11
70;20
39;14
27;11
8;18
49;12
92;9
13;10
52;12
81;16
95;17
54;8
49;12
2;16
37;13
64;16
70;11
12;9
75;18
45;1
9;12
18;13
31;18
76;7
97;9
87;7
58;14
57;5
85;13
85;12
51;20
16;3
17;4
78;11
20;17
8;9
24;6
28;8
38;19
97;18
53;9
21;6
7;7
13;4
94;4
42;20
55;13
95;1
71;6
99;18
94;8
7;4
32;1
46;19
74;4
81;7
39;6
82;5
20;11
94;2
39;4
78;17
40;11
65;1
28;5
1;1
1;14
38;8
82;13
95;8
9;15
42;8
17;7
95;9
100;5
16;6
36;15
16;9
74;10
58;5
47;2
7;10
8;6
26;15
73;13
74;15
4;20
28;14
59;7
82;1
65;13
6;9
26;12
33;8
89;19
43;12
21;13
28;14
43;1
22;17
5;4
11;15
12;19
59;15
47;15
43;6
64;8
97;13
35;4
64;1
42;9
91;1
3;8
91;5
53;17
86;2
23;15
1;12
30;6
12;1
57;2
49;12
3;15
83;10
15;7
13;11
2;11
34;6
50;15
25;20
38;19
6;18
24;20
65;2
91;20
95;19
7;5
56;8
38;16
69;16
94;5
58;16
78;9
30;18
22;8
30;11
67;10
19;13
80;4
74;1
83;20
44;6
38;5
70;17
16;18
93;20
70;6
69;18
92;12
19;4
98;13
29;8
21;12
70;15
64;7
26;4
43;18
65;1
11;8
80;19
97;18
42;5
4;16
65;17
61;1
75;9
50;19
98;14
51;6
61;15
29;3
21;15
15;2
43;2
19;19
68;19
55;17
52;9
61;15
14;1
1;15
63;7
51;6
38;9
20;1
6;18
69;2
20;11
87;20
29;19
49;1
83;2
96;9
1;15
49;6
72;11
74;5
38;8
54;15
59;4
53;13
17;4
47;14
9;1
89;16
10;5
21;17
19;8
92;6
46;6
79;5
27;15
22;11
33;5
26;16
69;8
89;3
57;10
59;10
66;7
28;12
66;4
69;12
33;6
15;10
54;20
19;8
76;17
70;2
48;6
82;5
17;9
73;6
52;3
11;7
37;10
83;7
27;3
18;6
50;7
18;12
45;1
82;20
10;2
62;6
48;17
18;4
83;10
79;7
11;15
91;9
40;14
80;8
41;5
69;10
73;5
20;1
39;9
84;20
15;19
66;17
83;9
1;2
11;17
51;17
71;10
78;7
73;14
85;18
81;13
88;18
91;17
70;17
54;1
54;15
62;13
94;3
66;10
64;11
68;16
78;11
6;7
57;18
18;14
83;7
50;16
71;5
57;6
99;3
54;20
100;2
89;7
56;6
71;10
64;1
91;6
40;13
88;1
22;9
85;7
68;9
68;14
57;19
42;20
26;14
67;18
98;4
6;9
20;18
17;17
9;8
25;2
42;10
86;1
54;6
42;7
29;17
95;8
88;15
39;19
98;8
90;15
5;5
13;19
87;2
2;12
64;7
98;14
98;6
83;20
55;13
49;19
45;12
29;15
75;19
27;4
42;5
21;17
93;14
18;12
52;1
18;15
73;7
62;1
16;4
57;3
70;18
37;7
70;18
44;5
53;1
19;16
76;15
95;19
24;3
18;9
100;8
33;11
58;14
34;1
89;6
90;5
69;4
95;5
71;6
87;13
13;11
92;19
7;4
82;3
20;10
44;2
33;15
55;10
89;2
81;7
99;17
33;7
10;19
15;9
42;9
12;2
74;10
3;15
21;15
89;11
70;2
94;8
79;17
49;9
69;2
56;2
50;7
95;12
28;14
92;1
54;4
19;15
12;11
10;12
33;4
63;15
22;20
62;4
41;16
14;2
78;20
36;9
18;14
31;5
78;16
28;7
27;13
64;8
62;13
24;11
33;3
5;8
89;10
68;14
75;7
84;1
98;15
49;7
89;1
21;17
43;6
49;3
74;10
65;9
67;19
39;14
8;2
44;12
3;2
100;1
74;1
51;2
90;19
70;11
93;19
5;5
85;11
52;18
88;6
83;11
48;4
67;16
17;12
22;1
4;9
15;5
37;5
50;17
93;18
58;4
42;14
14;13
15;16
91;2
90;4
8;10
26;11
83;12
57;11
18;4
61;5
45;13
89;7
88;19
57;16
85;3
52;4
86;19
19;6
5;5
77;13
46;10
72;17
91;3
62;4
52;20
31;4
52;7
6;20
10;4
54;4
17;14
8;3
62;11
83;19
68;6
58;5
45;5
89;6
57;3
95;19
87;20
66;11
77;1
86;17
92;1
25;14
93;15
27;7
88;3
100;5
71;9
5;6
51;7
69;5
94;20
23;20
41;14
39;13
44;1
36;16
68;10
55;14
95;13
51;6
60;16
12;6
3;1
87;5
69;6
27;19
71;10
30;13
76;11
21;1
40;1
34;14
79;18
40;4
24;12
90;14
12;18
64;12
91;12
21;20
81;13
72;3
59;5
71;15
31;19
94;13
27;18
11;4
46;15
10;4
75;13
94;4
92;17
90;6
43;15
16;9
10;12
31;5
73;2
20;17
84;2
7;1
21;5
24;11
8;12
51;2
81;20
44;14
65;12
58;6
47;6
74;3
21;17
93;18
3;13
26;15
76;10
63;1
70;12
81;13
31;8
96;3
39;7
11;16
93;18
27;8
29;20
82;17
66;5
41;7
4;5
56;17
82;2
46;6
19;14
52;2
23;11
15;12
47;14
26;20
12;17
20;3
2;12
100;17
95;14
50;13
83;7
17;20
37;17
73;10
80;14
76;14
95;6
92;6
18;18
7;5
79;11
46;5
50;14
78;18
48;4
63;2
58;18
26;1
22;15
98;11
14;17
14;1
33;1
58;9
1;8
70;1
15;10
14;15
75;17
1;17
45;12
64;12
30;4
2;17
94;4
5;3
90;20
74;9
52;19
54;4
88;2
91;5
16;6
50;17
66;15
58;2
93;5
66;12
20;9
72;8
39;4
65;4
67;12
61;2
88;3
59;1
31;9
99;19
42;8
50;10
100;5
85;9
67;1
93;12
90;20
11;7
26;1
48;2
98;11
91;14
41;16
5;6
24;14
92;2
28;5
91;3
28;1
100;6
61;3
28;15
32;5
67;8
94;7
53;10
27;5
50;4
50;5
23;17
82;4
62;2
39;5
23;9
53;5
2;8
27;8
8;1
99;7
19;11
21;14
88;13
84;9
52;6
47;12
45;7
68;7
39;6
38;9
71;16
50;2
43;11
27;20
8;17
5;18
16;13
5;17
8;10
29;7
33;19
71;5
58;18
70;15
25;14
51;20
68;17
100;13
94;5
55;8
11;14
96;20
59;17
60;17
66;4
19;2
26;16
36;20
66;20
29;6
65;1
7;12
45;6
22;7
54;8
27;7
74;4
92;4
88;12
4;11
91;7
66;6
98;14
86;3
59;9
84;15
48;4
82;10
24;10
79;10
12;2
51;12
90;15
51;20
44;10
76;16
97;8
81;7
83;6
9;11
44;16
66;9
3;7
47;20
60;2
90;6
82;18
4;6
11;1
98;12
57;10
62;17
46;11
49;6
9;14
18;17
23;10
36;1
10;5
49;7
67;13
53;3
3;8
28;6
20;8
92;19
45;3
64;19
97;8
74;3
8;9
41;9
30;19
17;13
54;8
39;9
31;8
46;9
31;12
6;4
11;20
16;9
8;15
5;13
3;19
45;5
41;12
62;15
34;20
15;15
98;18
84;19
9;15
86;16
94;7
23;1
11;18
64;2
6;14
38;17
4;7
48;6
87;17
70;16
74;3
87;5
65;20
79;18
97;1
22;4
18;13
74;6
20;6
44;11
84;19
51;5
11;16
83;15
73;14
71;1
33;1
99;3
11;10
81;4
85;16
63;20
17;2
18;6
41;2
71;3
9;13
19;7
39;4
49;4
17;5
69;13
39;17
95;20
55;15
37;17
49;14
62;17
88;11
45;20
62;7
61;8
27;12
12;12
51;4
85;15
60;4
83;10
17;2
43;11
18;12
53;8
81;20
85;10
41;13
57;3
36;1
70;13
47;4
40;20
69;2
91;17
88;15
67;20
56;18
98;5
65;17
70;18
85;10
31;8
8;17
14;16
50;4
8;18
71;15
30;10
7;20
86;3
31;12
14;16
9;2
3;17
53;4
100;9
17;7
79;1
8;15
1;12
28;7
25;15
30;5
90;10
82;10
69;10
16;10
43;3
88;15
55;8
22;2
91;7
37;13
76;9
21;8
14;9
10;13
34;19
81;10
36;15
25;8
51;11
100;3
19;20
64;4
74;3
80;15
66;20
68;4
33;16
14;13
62;17
45;10
43;2
25;3
57;20
53;18
52;16
85;2
41;18
85;18
81;11
36;15
7;6
28;2
44;18
5;9
52;20
21;5
11;13
98;6
72;20
15;12
80;9
81;18
24;10
59;1
18;8
1;15
40;11
92;6
24;19
18;7
17;16
63;13
56;17
16;8
32;1
60;9
83;7
86;16
89;20
56;11
30;10
65;4
9;7
78;14
89;10
89;9
68;19
11;19
43;17
34;5
40;3
90;3
17;12
49;3
39;17
55;10
43;17
88;20
30;10
76;6
59;14
31;9
36;6
42;13
91;5
29;4
67;10
66;7
44;12
73;3
11;5
39;5
33;13
20;18
20;11
100;17
92;11
99;20
21;3
47;16
8;13
96;2
32;1
64;6
11;20
29;1
18;6
36;17
94;15
92;6
92;17
32;6
99;4
89;11
61;1
91;11
63;13
92;12
27;8
54;12
72;9
89;2
5;10
98;4
24;9
44;19
47;15
61;12
9;12
50;10
38;6
6;7
62;8
65;2
14;19
93;18
48;9
31;8
88;2
56;3
93;1
31;9
13;17
18;2
35;10
53;19
80;17
42;18
90;6
85;10
10;3
39;3
64;19
33;6
36;5
38;19
76;19
1;4
23;4
24;16
40;14
66;12
98;16
89;8
35;17
57;17
26;4
32;13
50;4
36;17
45;1
80;18
80;16
45;1
33;14
42;18
90;9
58;9
60;1
89;1
53;10
35;15
56;9
49;3
14;4
46;7
39;15
41;12
52;20
12;12
58;10
19;3
81;15
40;5
67;11
79;5
32;3
7;6
45;15
88;7
21;2
9;4
91;19
71;7
82;15
84;11
15;1
92;13
95;8
67;9
74;12
71;10
34;13
53;3
23;8
3;4
37;12
84;16
94;3
7;12
58;18
72;7
47;19
50;2
4;6
83;19
67;20
48;12
11;12
16;7
34;16
65;11
69;2
66;8
17;18
99;15
75;18
2;20
84;17
79;14
10;20
89;16
22;20
48;11
51;2
28;16
69;1
19;13
76;17
82;1
9;10
65;8
1;5
19;3
37;1
74;12
46;8
55;10
12;10
2;1
67;19
36;12
53;18
8;8
90;2
18;18
70;12
52;19
84;3
67;3
86;14
37;2
91;17
10;7
56;11
1;12
17;16
54;6
75;12
44;16
17;17
36;3
59;16
91;7
12;5
13;14
39;5
41;19
78;15
46;17
47;8
89;2
92;13
59;17
57;1
53;15
30;18
40;12
69;1
20;19
24;3
81;14
96;17
96;5
11;7
76;15
6;7
49;18
74;8
23;1
37;11
40;17
71;10
47;4
72;9
74;15
54;1
38;14
71;9
11;3
81;5
49;17
86;11
58;19
80;12
55;16
52;11
24;16
73;3
97;17
29;11
44;16
29;7
89;17
39;13
3;13
4;6
89;9
73;13
13;7
4;3
13;15
53;15
88;12
39;2
40;5
48;20
1;18
27;4
57;20
61;20
12;2
12;6
49;15
77;20
15;19
18;1
96;11
53;14
38;10
37;4
93;8
9;10
36;1
2;15
41;3
25;15
78;12
44;7
99;20
2;5
3;10
81;5
74;9
9;13
16;17
20;10
22;17
44;14
20;15
45;2
68;10
86;2
86;2
92;2
71;8
17;3
20;19
38;11
84;8
74;16
74;20
53;2
96;7
45;19
93;6
38;8
62;1
8;6
69;6
68;17
2;6
82;5
34;12
12;12
64;11
28;20
17;13
71;6
64;15
92;19
94;14
12;20
83;1
16;15
29;14
87;20
83;3
28;6
52;17
84;14
66;15
23;8
30;17
6;16
38;14
53;17
38;9
26;1
83;6
68;14
53;14
32;12
9;18
69;17
50;15
26;5
95;19
26;10
10;14
100;7
61;20
4;15
69;3
10;20
78;10
86;16
49;17
9;3
1;9
37;6
69;20
3;11
4;6
40;5
83;17
81;10
67;13
27;20
49;10
16;20
28;18
88;1
34;10
34;10
57;11
59;13
98;11
35;5
49;16
50;15
64;8
64;18
48;5
99;10
83;6
67;19
23;1
49;12
71;5
18;4
5;12
13;2
62;12
49;3
15;4
27;8
18;19
1;20
14;5
93;5
2;10
57;15
31;14
78;1
75;16
76;12
34;3
70;13
87;10
60;7
85;17
64;8
62;12
50;13
30;10
87;11
32;1
78;20
48;20
59;11
33;13
29;13
81;6
100;3
86;4
47;14
14;15
12;4
39;8
58;2
99;11
36;7
20;19
40;14
42;8
75;18
20;2
38;14
89;20
74;15
96;1
8;7
68;18
70;20
44;7
12;9
78;8
82;16
5;9
37;10
98;16
14;19
53;4
19;20
90;10
90;3
88;14
56;13
35;17
19;18
91;14
16;17
28;10
68;17
23;2
43;2
4;9
97;16
49;14
13;7
61;2
3;12
70;17
16;4
100;6
90;8
50;2
75;11
39;18
76;20
61;3
77;2
55;13
75;6
54;3
86;7
8;13
67;20
36;17
61;7
77;2
51;11
37;16
75;8
59;7
48;3
53;13
21;3
5;15
20;4
83;14
69;12
7;13
66;4
19;1
59;5
89;18
22;3
56;3
3;2
33;8
16;3
39;11
80;8
53;6
64;13
99;5
6;9
66;2
76;4
89;11
21;18
91;1
29;12
27;11
34;18
44;1
33;7
97;10
13;8
20;13
75;5
62;8
32;14
19;12
19;4
48;19
71;7
97;20
81;8
10;19
84;11
6;10
34;12
57;12
83;17
22;17
28;4
19;4
20;11
15;18
25;1
8;6
87;12
58;19
42;2
27;16
59;18
71;19
36;8
65;17
10;3
34;4
7;7
92;6
31;5
37;6
29;18
28;14
96;13
71;8
46;8
68;13
95;8
1;14
31;13
23;14
75;7
67;19
59;12
66;4
20;19
52;10
19;14
50;7
68;5
46;14
21;16
79;10
21;1
71;4
9;2
24;17
45;8
58;2
33;17
80;5
60;3
1;3
69;13
84;19
88;12
16;16
38;11
55;13
96;16
60;3
15;19
6;12
54;4
94;18
49;5
57;10
83;14
36;11
58;14
